{"Fid":"etD_8gi3Ql-wo4La-ALGPn","Status":3,"AuthToken":"eyJhbGciOiJFUzI1NiIsInR5cCI6IkpXVCJ9.eyJhcHBJZCI6IjE6MzY4NjUyMjY0MTA3OmFuZHJvaWQ6OTMwYWJhOWIyNzQxZmM5NTI5OGRlZSIsImV4cCI6MTc1Nzc4MzE5MywiZmlkIjoiZXREXzhnaTNRbC13bzRMYS1BTEdQbiIsInByb2plY3ROdW1iZXIiOjM2ODY1MjI2NDEwN30.AB2LPV8wRQIgNfRmmH0_mLoVl41FpNY7RfA7TcHqVKkx5wTulCuezO0CIQCwxk8wY2n-8DAtrmIoESG2gESIzP-TPT1OWCZJKGFtPw","RefreshToken":"3_AS3qfwJAbE3l88AhZBbG8389YTk-STDojfzOywpuCuHfvD3h4uRUturCFJ6YhGJTJeodW6LVlKicb_nzhSUI-NvgZXiCkT3GOBc3BLUq38Ndkg","TokenCreationEpochInSecs":1757178392,"ExpiresInSecs":604800}