<?xml version='1.0' encoding='utf-8' standalone='yes' ?>
<map>
    <long name="first_open_time" value="1744077654279" />
    <string name="gmp_app_id">1:368652264107:android:930aba9b2741fc95298dee</string>
    <string name="app_instance_id">6fe38c1208aad277988bd0ade7afca1e</string>
    <long name="session_id" value="1757178352" />
    <boolean name="app_backgrounded" value="true" />
    <long name="health_monitor:start" value="1757178352368" />
    <boolean name="use_service" value="true" />
    <boolean name="deferred_analytics_collection" value="false" />
    <string name="previous_os_version">11</string>
    <boolean name="has_been_opened" value="true" />
    <boolean name="allow_remote_dynamite" value="true" />
    <long name="last_pause_time" value="1757178366958" />
    <boolean name="start_new_session" value="false" />
</map>
