<?xml version='1.0' encoding='utf-8' standalone='yes' ?>
<map>
    <long name="com.facebook.appevents.SessionInfo.sessionStartTime" value="1744077654743" />
    <long name="com.facebook.appevents.SessionInfo.sessionEndTime" value="1744077741933" />
    <boolean name="bg_startup_tracing" value="false" />
    <int name="com.facebook.appevents.SessionInfo.interruptionCount" value="2" />
    <int name="com.encdata.missl.classes.originalInstallVersionCode" value="223" />
    <long name="com.encdata.missl.classes.cloneTimestamp" value="1744077629593" />
    <string name="com.facebook.appevents.SessionInfo.sessionId">05b55748-de77-488f-8a68-30c4d9c59762</string>
</map>
