<?xml version='1.0' encoding='utf-8' standalone='yes' ?>
<map>
    <string name="bnc_link_click_identifier">bnc_no_value</string>
    <string name="bnc_push_identifier">bnc_no_value</string>
    <string name="skip_url_format_key">{&quot;version&quot;:2,&quot;uri_skip_list&quot;:[&quot;^fb\\d+:((?!campaign_ids).)*$&quot;,&quot;^li\\d+:&quot;,&quot;^pdk\\d+:&quot;,&quot;^twitterkit-.*:&quot;,&quot;^com\\.googleusercontent\\.apps\\.\\d+-.*:\\\/oauth&quot;,&quot;^(?i).+:.*[?].*\\b(password|o?auth|o?auth.?token|access|access.?token)\\b&quot;]}</string>
    <string name="bnc_branch_analytical_data"></string>
    <string name="bnc_google_play_install_referrer_extras">bnc_no_value</string>
    <string name="bnc_identity_id">1437972790555899930</string>
    <boolean name="bnc_is_full_app_conversion" value="false" />
    <string name="bnc_app_link">bnc_no_value</string>
    <string name="bnc_device_fingerprint_id">1437972790497175963</string>
    <string name="bnc_link_click_id">bnc_no_value</string>
    <string name="bnc_external_intent_extra">bnc_no_value</string>
    <string name="bnc_app_version">2.9.7</string>
    <long name="bnc_last_known_update_time" value="1757178296246" />
    <string name="bnc_user_url">https://dplus.app.link?%24identity_id=1437972790555899930</string>
    <string name="bnc_google_search_install_identifier">bnc_no_value</string>
    <boolean name="bnc_triggered_by_fb_app_link" value="false" />
    <string name="bnc_session_params">{&quot;+clicked_branch_link&quot;:false,&quot;+is_first_session&quot;:false}</string>
    <long name="bnc_original_install_time" value="1744077642672" />
    <long name="bnc_previous_update_time" value="1744077642672" />
    <string name="bnc_branch_key">key_live_nePKFl6HD81jywfs0Vn4qaadCEoyCP8F</string>
    <string name="bnc_external_intent_uri">bnc_no_value</string>
    <string name="bnc_session_id">1492921289902733480</string>
    <string name="bnc_install_referrer">bnc_no_value</string>
</map>
