<?xml version='1.0' encoding='utf-8' standalone='yes' ?>
<map>
    <long name="feature_usage_last_report_time" value="1744077655078" />
    <string name="feature_usage_package_name">com.discoveryplus.mobile.androie</string>
    <string name="feature_usage_sdk_version">20.1.0</string>
    <string name="client_sender_id">707465e5-90ea-49cb-a1df-cec8fa50ae04</string>
    <long name="feature_usage_timestamp_reported_feature_5" value="1744077655023" />
    <long name="feature_usage_timestamp_detected_feature_33" value="1744077656416" />
</map>
